Country Name,Country Code,Series Name,Series Code,1960 [YR1960],1961 [YR1961],1962 [YR1962],1963 [YR1963],1964 [YR1964],1965 [YR1965],1966 [YR1966],1967 [YR1967],1968 [YR1968],1969 [YR1969],1970 [YR1970],1971 [YR1971],1972 [YR1972],1973 [YR1973],1974 [YR1974],1975 [YR1975],1976 [YR1976],1977 [YR1977],1978 [YR1978],1979 [YR1979],1980 [YR1980],1981 [YR1981],1982 [YR1982],1983 [YR1983],1984 [YR1984],1985 [YR1985],1986 [YR1986],1987 [YR1987],1988 [YR1988],1989 [YR1989],1990 [YR1990],1991 [YR1991],1992 [YR1992],1993 [YR1993],1994 [YR1994],1995 [YR1995],1996 [YR1996],1997 [YR1997],1998 [YR1998],1999 [YR1999],2000 [YR2000],2001 [YR2001],2002 [YR2002],2003 [YR2003],2004 [YR2004],2005 [YR2005],2006 [YR2006],2007 [YR2007],2008 [YR2008],2009 [YR2009],2010 [YR2010],2011 [YR2011],2012 [YR2012],2013 [YR2013],2014 [YR2014],2015 [YR2015],2016 [YR2016],2017 [YR2017],2018 [YR2018],2019 [YR2019],2020 [YR2020],2021 [YR2021],2022 [YR2022],2023 [YR2023]
Argentina,ARG,Consumer price index (2010 = 100),FP.CPI.TOTL,..,..,..,..,..,..,..,..,..,..,..,..,..,..,..,..,..,..,..,..,..,..,..,..,..,..,..,..,..,..,..,..,..,..,..,..,..,..,..,..,..,..,..,..,..,..,..,..,..,..,..,..,..,..,..,..,..,..,..,..,..,..,..,..
Argentina,ARG,"Inflation, consumer prices (annual %)",FP.CPI.TOTL.ZG,..,..,..,..,..,..,..,..,..,..,..,..,..,..,..,..,..,..,..,..,..,..,..,..,..,..,..,..,..,..,..,..,..,..,..,..,..,..,..,..,..,..,..,..,..,..,..,..,..,..,..,..,..,..,..,..,..,..,..,..,..,..,..,..
Argentina,ARG,Real interest rate (%),FR.INR.RINR,..,..,..,..,..,..,..,..,..,..,..,..,..,..,..,..,..,..,..,..,..,..,..,..,..,..,..,..,..,..,..,..,..,..,..,..,..,..,..,..,..,..,..,..,..,..,..,..,..,..,-8.56602872006595,-7.77340523607891,-6.74819555440488,-5.48583918237899,-11.6006987702161,-1.31470878459509,-7.00603984304116,0.455892832330463,4.56440909873515,12.1039696489828,-7.63517421630372,-11.8838163710548,-10.0737286927016,-16.2272161134432
Argentina,ARG,GDP per capita (current US$),NY.GDP.PCAP.CD,..,..,..,..,..,..,..,..,..,..,..,..,..,..,..,..,..,..,..,..,..,..,..,3727.04801015838,3787.47067903083,2919.28351130562,3454.2963342861,3492.69147434324,4005.20125846019,2382.33586178721,4330.96819128783,5730.72380988423,6815.32932969825,6957.41749889251,7464.4747368819,7383.70450960064,7690.15700254783,8176.77119517435,8250.67317414321,7735.32208018486,7666.51783423783,7168.97587232911,2579.48876933284,3333.15290388997,4258.16026060875,5086.62776073134,5890.97800169795,7210.59554755899,8977.50685093365,8184.38988923991,10385.9644319555,12848.7391514568,13082.664325572,13080.2547323367,12334.7982453893,13789.060424772,12790.2641396135,14613.0356486571,11795.1627452798,9963.67416171662,8500.83793850534,10650.8604604345,13650.6046294524,13730.5147090247
Australia,AUS,Consumer price index (2010 = 100),FP.CPI.TOTL,7.96045785639958,8.14255983350676,8.11654526534859,8.16857440166493,8.40270551508845,8.6888657648283,8.97502601456816,9.28720083246618,9.5213319458897,9.83350676378772,10.1716961498439,10.79604578564,11.4464099895942,12.4869927159209,14.4120707596254,16.5972944849116,18.8085327783559,21.1238293444329,22.8147762747138,24.8959417273673,27.4193548387097,30.0208116545265,33.4287200832466,36.7845993756504,38.2414151925078,40.8168574401665,44.5109261186264,48.309053069719,51.7950052029136,55.6971904266389,59.7814776274714,61.6805411030177,62.3048907388137,63.3975026014568,64.6462018730489,67.6378772112383,69.4068678459938,69.5629552549428,70.1612903225807,71.2018730489074,74.375650364204,77.6534859521332,79.9687825182102,82.1540062434964,84.0790842872008,86.3423517169615,89.4120707596254,91.4932362122789,95.4734651404787,97.1644120707596,100,103.303850156087,105.124869927159,107.700312174818,110.379812695109,112.044745057232,113.475546305931,115.686784599376,117.89802289282,119.797086368366,120.811654526535,124.271592091571,132.466181061394,139.880332986472
Australia,AUS,"Inflation, consumer prices (annual %)",FP.CPI.TOTL.ZG,3.72881355932203,2.28758169934641,-0.319488817891379,0.641025641025652,2.86624203821656,3.40557275541795,3.29341317365269,3.47826086956522,2.52100840336134,3.27868852459016,3.43915343915341,6.13810741687984,6.02409638554213,9.09090909090915,15.4166666666666,15.1624548736462,13.3228840125392,12.3098201936376,8.0049261083744,9.12200684150515,10.1358411703239,9.48766603415561,11.3518197573657,10.0389105058366,3.96039603960396,6.734693877551,9.05035054174634,8.53302162478083,7.21593968766828,7.53390256152688,7.33302195235872,3.17667536988685,1.01223112610714,1.75365344467641,1.96963479688141,4.62776659959759,2.61538461538461,0.224887556221887,0.860134629768142,1.48312940304041,4.45743514797224,4.40713536201469,2.98157453936348,2.73259596616786,2.34325522482583,2.69183168316832,3.55528773727026,2.32761128891476,4.35029854990048,1.77111716621254,2.91834002677376,3.3038501560874,1.76278015613196,2.4498886414254,2.48792270531404,1.50836672165921,1.27699094497324,1.94864740944527,1.91140094445691,1.61076787290379,0.846905537459305,2.86391042204994,6.59409671341846,5.5970149253731
Australia,AUS,Real interest rate (%),FR.INR.RINR,..,2.20687630824645,5.57978872976952,3.27616686513296,1.72793752295935,2.26516405481221,2.62076587225935,0.483660437121897,3.25735644227312,1.07090883117849,1.68706263849002,1.96197957731489,0.78328849687972,-1.50351417773288,-6.01913182453814,-5.33823702457957,-3.59852635548445,-1.38456829639648,1.05090973121306,0.452319131583852,-0.034155469522268,2.10750797657351,1.41679528122806,2.05001023610124,3.37215131973244,7.39025865871911,7.93209409649117,7.5272786940245,6.44108972053912,6.61926385768692,9.67270856641165,10.0928694000248,8.97038290484152,8.47378114303393,7.98605796893548,8.02284437211133,6.83251279377306,5.81974300561342,5.48543427915609,6.06244473002337,5.03742396513488,2.11309686499572,3.42491500912025,3.521734658531,3.69820160551374,3.30633987264258,2.37559056746734,3.05741147567609,4.14891312869202,1.02113496523665,6.05753361383446,1.44573545489461,5.07816669856092,6.35335379636719,4.48213765898823,6.2367714233312,6.11671694146131,1.53810731236317,3.31965291300746,1.58246506184137,..,..,..,..
Australia,AUS,GDP per capita (current US$),NY.GDP.PCAP.CD,1810.59744278609,1877.600224102,1854.64189048688,1967.10899053653,2131.38029982805,2281.01195611049,2343.81978965369,2580.11059164641,2724.1306715175,2991.38594710418,3304.83781989103,3495.14162747651,3949.37298705831,4770.61865788766,6482.83108182526,7003.74417971953,7486.59278090393,7775.49682097168,8252.65590400684,9294.35924726014,10208.6520092795,11853.5138178392,12778.9279166426,11515.6229187212,12421.4738665585,11441.1933019722,11391.6550473244,11650.8011879489,14284.5206885373,17834.2105593225,18248.9407092421,18859.4079561383,18623.7917363989,17699.5577392784,18129.4021863239,20448.1219685874,22021.7839065228,23646.6230457327,21479.1142020092,20712.6697805564,21870.4159669594,19695.7297379144,20301.8431713256,23718.1338501868,30836.7306824685,34479.7679298388,36595.7071548423,41051.6120652288,49701.2817843335,42816.5674002829,52147.0241942843,62609.6607161044,68078.0442283168,68198.4193446869,62558.2438786332,56758.8692027821,49918.7939327254,53954.553494614,57273.5204750079,55049.571919719,51868.2475567823,60697.2454358579,65077.676668821,64711.7656030565
Brazil,BRA,Consumer price index (2010 = 100),FP.CPI.TOTL,..,..,..,..,..,..,..,..,..,..,..,..,..,..,..,..,..,..,..,..,3.57203995820629E-10,7.20570021177795E-10,1.44505532582099E-09,3.39628003922508E-09,9.92127211260218E-09,3.2342321744633E-08,7.99317280305452E-08,2.62444768495788E-07,1.91352288553154E-06,2.92907487949526E-05,0.000892703750329439,0.00475620651227255,0.0500334876739342,1.01436931774855,22.0715442934335,36.6403159411409,42.4139744020249,45.3518684755867,46.8008952735922,49.0746921995341,52.5315827425714,56.1249316036126,60.8675805806435,69.8241962003047,74.430627668128,79.5436673306746,82.8714308457339,85.8890058743968,90.7662937251916,95.202981748031,100,106.636449622131,112.398549260784,119.372104441451,126.927212865611,138.388614560102,150.482594206408,155.668786230018,161.373814183906,167.397860280061,172.774291252888,187.117425058296,204.482120615775,213.87513528772
Brazil,BRA,"Inflation, consumer prices (annual %)",FP.CPI.TOTL.ZG,..,..,..,..,..,..,..,..,..,..,..,..,..,..,..,..,..,..,..,..,..,101.725072957927,100.54335919485,135.027682230473,192.121733132051,225.989665211895,147.142826237604,228.336162575513,629.114509120897,1430.7237251472,2947.732772483,432.786661926461,951.962053052818,1927.38079016026,2075.88839757325,66.0070335542481,15.7576656002606,6.92671251629154,3.19507629280052,4.85844749902667,7.04414105947266,6.84035902487523,8.45016437708331,14.7149197228147,6.59718509985963,6.86953720898964,4.18356812896909,3.64127299102652,5.67859390284168,4.88803479876799,5.03872690108075,6.6364496221309,5.40349914036997,6.20431066640101,6.32904015516139,9.02990102416136,8.73914352329393,3.44637335032669,3.66485028376729,3.73297621216894,3.21176803803376,8.30165975585673,9.28010608956873,4.59356282283204
Brazil,BRA,Real interest rate (%),FR.INR.RINR,..,..,..,..,..,..,..,..,..,..,..,..,..,..,..,..,..,..,..,..,..,..,..,..,..,..,..,..,..,..,..,..,..,..,..,..,..,65.4088449795992,77.6168379948237,67.0609170941772,48.5047281998625,45.6378187103224,48.3404374454115,46.4473988425047,43.7791527165785,44.6351688638607,41.2403264526711,35.0225154695215,35.3667577965037,34.7920096326271,29.1158055214655,32.8334595068102,26.5820905307869,18.4988444166435,22.403672441435,33.832343966101,40.6983614489962,41.7138078720244,33.1023342480424,31.9030727508498,21.1971796870516,15.0108849661413,28.3960928277404,37.2075093316886
Brazil,BRA,GDP per capita (current US$),NY.GDP.PCAP.CD,..,..,..,..,..,..,..,..,..,..,..,..,..,..,..,..,..,..,..,..,..,..,..,..,..,..,..,..,..,2875.57771485047,2554.36863119854,2233.87265114364,2105.13307778769,2324.47614531894,3263.5602366462,4704.95983707965,5121.90540734464,5240.12717572976,5049.76466914353,3456.42330254074,3726.81166909716,3142.23513974908,2824.71541300038,3056.64979769494,3623.22446166485,4773.26855132261,5866.02341427165,7323.19159375818,8801.75787553359,8569.90254736072,11249.2918904352,13200.5562348789,12327.5131013057,12258.5657091866,12071.4044637296,8783.2154236384,8680.73646873878,9896.71889500528,9121.02099480377,8845.32414932264,6923.6999117682,7794.88097933152,9065.49733395404,10043.6239221567
China,CHN,Consumer price index (2010 = 100),FP.CPI.TOTL,..,..,..,..,..,..,..,..,..,..,..,..,..,..,..,..,..,..,..,..,..,..,..,..,..,..,26.0483197849659,27.9326123967096,33.1872445880263,39.2424692179247,40.4402632290027,41.8785962689823,44.5395544614716,51.0468183922653,63.4292398842776,74.0797863737527,80.2381577567065,82.4739659836287,81.8362888154733,80.6893755831361,80.9700222903011,81.552298456301,80.955359361403,81.8682148167155,84.9993772047539,86.5093181065058,87.9362296125358,92.1719134940607,97.6333310615016,96.9223990713834,100,105.553898922575,108.318908982374,111.158001765192,113.294060199837,114.922122819495,117.220567369674,119.088050428682,121.558877866113,125.083154382075,128.109443605623,129.366216637457,131.919356668535,132.229151902431
China,CHN,"Inflation, consumer prices (annual %)",FP.CPI.TOTL.ZG,..,..,..,..,..,..,..,..,..,..,..,..,..,..,..,..,..,..,..,..,..,..,..,..,..,..,..,7.23383553065609,18.8118179448753,18.2456383621648,3.05229012075233,3.55668565220452,6.35398134024869,14.6100786356602,24.2569897243361,16.7912251650916,8.31316028893909,2.78646505531882,-0.773186011549318,-1.40147268276465,0.347811226864587,0.719125609120114,-0.731970902350244,1.12760348729637,3.82463743108159,1.77641407667571,1.6494309945586,4.81676767378834,5.92525137041092,-0.728165250932898,3.17532475269199,5.55389892257493,2.61952432645541,2.62105001748115,1.92164162788521,1.43702380935655,2.00000182191943,1.59313600071436,2.07479039965576,2.89923416358227,2.41942189457782,0.981015135544882,1.97357555739051,0.234836828893051
China,CHN,Real interest rate (%),FR.INR.RINR,..,..,..,..,..,..,..,..,..,..,..,..,..,..,..,..,..,..,..,..,1.24163940019073,2.62034423009428,7.35067213106397,5.97409666957457,2.14955956380786,-2.07731742028393,3.10596122702332,2.70024322573094,-2.77203311299564,2.5206931195422,3.45164466688345,1.80431185515672,0.415635119490241,-3.65137209056029,-7.98974415365733,-1.41264818766741,3.35497047299623,6.91169889407248,7.356478445987,7.20405034053389,3.71066408193725,3.72666388978298,4.67972434460637,2.63814663556679,-1.28281170502224,1.61327750285798,2.11057772658151,-0.259570586367363,-2.30561534273404,5.53112290892275,-1.00240121413203,-1.40242874659116,3.58520352938242,3.75538705540398,4.52230843210213,4.35307225217325,2.90181538908108,0.112553973046852,0.821501871986205,3.02438482052273,3.83860120447208,-0.193517050835666,2.51931098031913,4.91187623545216
China,CHN,GDP per capita (current US$),NY.GDP.PCAP.CD,89.5202142368479,75.8055607913604,70.9091524330558,74.3133717692149,85.4982425898924,98.4864176995115,104.32418478637,96.5891788251155,91.4723838962347,100.129537206454,113.162577847967,118.654144002222,131.885558530844,157.089110889702,160.147687922555,178.339614096146,165.404262395736,185.420537363904,156.396388520044,183.983152215978,194.804722186836,197.071474499102,203.334919503464,225.431928890812,250.713969046988,294.45884850496,281.928120911563,251.811956961329,283.537695240524,310.8819124049,317.884673040928,333.142145400184,366.460692306116,377.3898394789,473.489916407064,609.604337927454,709.415888233368,781.74256121344,828.594691043134,873.292336318005,959.360431369138,1053.11231442789,1148.51425710711,1288.63749134336,1508.66791560781,1753.41419160544,2099.2194300499,2693.95873160283,3468.32706307504,3832.2274569094,4550.47394356715,5614.38602225277,6300.58217951734,7020.3860742288,7636.07434020616,8016.44559489998,8094.39016735149,8817.04560829162,9905.40638304527,10143.8602206165,10408.7195541075,12617.5051041181,12662.5831692254,12614.0609948923
France,FRA,Consumer price index (2010 = 100),FP.CPI.TOTL,10.4335934118144,10.684047757307,11.2536442661317,11.8162311495891,12.1956729838639,12.5253347762586,12.8512440831266,13.2100221717785,13.8101805416249,14.6451389255486,15.4212787485263,16.2536451459642,17.239104154569,18.5114536592233,21.0381407380035,23.4966425592567,25.7583108976051,28.2039478083373,30.8129704904186,34.0935455489275,38.7175095461824,43.872515792993,49.1277727920604,53.7750382727129,57.9016285699203,61.2779302820743,62.8334864241848,64.9000158369846,66.65284537824,68.9845633391402,71.1881257808513,73.4756902285804,75.2124795438948,76.7952981752274,78.0666561086769,79.4691090816308,81.0448890531243,82.0206232733287,82.5546815886255,82.998117158493,84.3891323092083,85.768709637685,87.4183955374896,89.2528462580725,91.1647222368861,92.7563391930176,94.3101233525136,95.7134561579475,98.4057435464287,98.4919671294585,100,102.11159795175,104.107058016154,105.006246810607,105.539425293424,105.579017755019,105.772580900596,106.864453008147,108.842316422953,110.04856675289,110.572946910908,112.388921149413,118.258283622798,124.027345193475
France,FRA,"Inflation, consumer prices (annual %)",FP.CPI.TOTL.ZG,4.13993575518437,2.40046104546321,5.33128007065639,4.99915289796841,3.21119170293105,2.70310455873084,2.60200076636444,2.7917770943515,4.54320486402014,6.04596284173893,5.29964124562675,5.39751865595105,6.06300309718187,7.38060106398912,13.6493174728139,11.6859272493228,9.62549578155529,9.49455467190434,9.2505584672443,10.6467341716664,13.5625788483016,13.3144055680071,11.9784719523806,9.45954847235318,7.67380262247321,5.83109973854516,2.53852591781417,3.28889821400133,2.70081527508113,3.49830220700749,3.19428338029475,3.21340732409687,2.36376046269353,2.10446277124644,1.65551532926993,1.79648142095595,1.98288365089738,1.20394294026962,0.651126867833049,0.537141639134645,1.67595988720927,1.63478079549601,1.9234122872706,2.09847219146923,2.14208964640241,1.74586936380482,1.67512449608723,1.4879980595386,2.81286194914787,0.0876204781574552,1.53112270420926,2.11159795174994,1.9541953161351,0.863715497861805,0.50775882293799,0.0375143805125182,0.18333486112386,1.03228275064662,1.85081508315502,1.10825492288294,0.476498852725066,1.64233141038385,5.22236748369735,4.87835726508441
France,FRA,Real interest rate (%),FR.INR.RINR,..,..,..,..,..,..,..,..,..,..,..,..,..,..,..,..,..,..,..,..,..,..,..,..,..,..,..,..,..,..,..,..,..,..,..,..,..,..,..,..,..,..,..,..,..,..,..,..,..,..,..,..,..,..,..,..,..,..,..,..,..,..,..,..
France,FRA,GDP per capita (current US$),NY.GDP.PCAP.CD,1333.88157286682,1430.43462423276,1585.73531130188,1758.85665897749,1928.99940153416,2060.29971514635,2209.0001728109,2363.66966905413,2553.97584327959,2767.61543140447,2870.15751000611,3180.3374404808,3865.92540043539,4984.19668411585,5345.92156814952,6717.43948868856,6899.06957775716,7566.66255936088,9299.77404965756,11213.0236211621,12738.5200524368,11116.86105785,10501.6091345216,9998.97521903088,9430.06964816743,9778.08530538681,13566.6607729285,16340.7259713299,17727.5108342779,17747.5815980944,21865.5552539348,21675.7060879719,23814.227367599,22380.331904695,23496.367675721,26889.4250554833,26870.2852380937,24226.8846867539,24971.5744885632,24678.3910613218,22416.425417915,22449.3396931175,24288.2700193508,29627.92426353,33797.1624418436,34768.1759037525,36470.2128399313,41557.6235648179,45515.9617533473,41737.7635518137,40676.0647913181,43846.4660764798,40870.8523645734,42602.7179652667,43068.5487241739,36652.9223052178,37062.5335723829,38781.0494870836,41557.8548588876,40494.8982936276,39179.7442596057,43671.3084099631,40886.2532680273,44460.8178457009
Germany,DEU,Consumer price index (2010 = 100),FP.CPI.TOTL,24.6460704672795,25.2113761550113,25.9282036997301,26.6974830741086,27.321065747114,28.206901917499,29.203468786457,29.7279776648559,30.1650649435156,30.7420256515742,31.8027021959782,33.4694737028883,35.305251951825,37.7879257398802,40.4279531332749,42.8173811077969,44.6356772971534,46.302445978604,47.5612691704011,49.4844661936176,52.1769444748521,55.487176506199,58.3952844362268,60.3184833430829,61.7696214339205,63.045925743478,62.9643358920914,63.1216876137913,63.9259329909699,65.7034380219124,67.4751103626825,70.2058500742827,73.756144444307,77.0564195564705,79.1315923938292,80.4817042975643,81.6484693106268,83.2319368540699,83.9903325585578,84.482039736113,85.6988078472918,87.3989499142195,88.6407195744564,89.5574615623787,91.0492533059359,92.457704355053,93.9161566186468,96.0746729759051,98.5998802890494,98.9082405759318,100,102.075172837359,104.1253413002,105.692139574571,106.650549555164,107.199187857464,107.72633665683,109.35246016194,111.246629356349,112.854877121191,113.018378926344,116.484275880086,124.489744387368,131.892448207044
Germany,DEU,"Inflation, consumer prices (annual %)",FP.CPI.TOTL.ZG,1.53661234295201,2.29369500700884,2.84327019799062,2.9669597758771,2.33573581177832,3.24231923668133,3.53306035477689,1.79604992213175,1.470289313277,1.91267848797596,3.45024936360895,5.24097448273094,5.4849331221432,7.03202399303898,6.98643109327497,5.91033626324104,4.24663102299209,3.73416240635147,2.71869696123339,4.04362006473399,5.44105754460347,6.34424277746325,5.24104507228422,3.29341474302854,2.4057933993196,2.0662330121658,-0.129413360854742,0.24990610870503,1.27411894006923,2.78056955569751,2.69646824292392,4.04703259753466,5.05697796731731,4.47457650752808,2.69305639854954,1.70616041317076,1.44972701963239,1.93937198922729,0.911183535014403,0.585433064230783,1.44026838719741,1.98385731334471,1.42080615551526,1.03422218628562,1.66573696655992,1.54691114751328,1.57742642840563,2.29834400700951,2.62837981637219,0.312739007368447,1.1038103778926,2.07517283735874,2.00848884782956,1.50472330251876,0.906794000434246,0.514426137125456,0.491747008445174,1.50949485109628,1.73216879766942,1.44565976888253,0.144877925813982,3.06666666666673,6.87257438551097,5.94643667725823
Germany,DEU,Real interest rate (%),FR.INR.RINR,..,..,..,..,..,..,..,..,..,..,..,..,..,..,..,..,..,..,..,..,..,..,..,..,..,..,..,..,..,..,..,..,..,..,..,..,..,..,..,..,..,..,..,..,..,..,..,..,..,..,..,..,..,..,..,..,..,..,..,..,..,..,..,..
Germany,DEU,GDP per capita (current US$),NY.GDP.PCAP.CD,1157.88046394509,1311.10429752935,1425.29899158165,1496.6710747788,1631.47787275015,1767.72216809939,1863.97622810147,1878.73272688742,2017.68925112265,2272.94842846548,2761.16683289339,3192.13361563743,3809.98144489456,5046.75510305815,5639.07762129679,6236.3588812986,6634.85689909309,7682.95377492882,9482.04284964716,11281.0233245081,12138.3081034267,10209.0731153846,9913.73764159395,9864.3449403866,9313.16941243118,9429.56921688214,13461.8310034147,16677.51078816,17931.2823228876,17764.376445833,22303.9613266628,23357.757725073,26438.2303888417,25522.6295733618,27076.60675014,31658.3493789135,30485.8665482279,26964.0494672673,27289.0593603191,26734.9425369252,23694.7604830673,23628.3272122367,25197.2656001848,30310.3575963774,34106.6581224001,34520.2396492496,36353.8803343631,41640.0808695147,45612.7106221441,41650.3678297162,41572.4559481507,46705.8957963353,43855.8544658618,46298.9229177341,48023.8699845462,41103.2564363768,42136.1207907991,44652.5891722719,47939.2782884504,46805.1384334439,46749.4762280016,51426.7503654421,48717.9911402128,52745.7557064131
India,IND,Consumer price index (2010 = 100),FP.CPI.TOTL,2.52748668877309,2.57033297015633,2.66369298910469,2.74216968261487,3.10839360492657,3.40290639507342,3.77048318332544,4.26299133112269,4.40100194220749,4.37529407863572,4.59809549976314,4.73971402179062,5.04505101847466,5.89972382756987,7.58697015632402,8.02310184746566,7.41062245381335,8.02625769777357,8.22876409284699,8.74517527238275,9.7374092846992,11.0142316437707,11.8833363334912,13.2936603505448,14.3995476077688,15.1996475603979,16.5265343439129,17.9810554239697,19.6683027001421,21.0596935101847,22.9490075793463,26.1320914258645,29.2124945523449,31.0607370914259,34.2438214116532,37.7452131691141,41.1336584557082,44.0805774514448,49.9128076740881,52.2436461392705,54.3383216485078,56.3919261013738,58.815172903837,61.0535954523922,63.3536380862151,66.0438512553292,69.8720985315016,74.3249644718143,80.5305542396968,89.2941733775462,100,108.911793364834,119.235538897084,131.18041028234,139.924446113916,146.790501522574,154.054013105394,159.18119775209,165.451068899504,171.621576003377,182.988822584425,192.378724699015,205.266241146235,216.862025027426
India,IND,"Inflation, consumer prices (annual %)",FP.CPI.TOTL.ZG,1.77987784677382,1.69521293914433,3.63221497106987,2.94616135685229,13.3552611508153,9.47475859170699,10.8018483489342,13.062202477797,3.23741242627502,-0.584136610466349,5.09226161997552,3.07993868406537,6.44209746158243,16.9408159791736,28.598734077509,5.74843029767437,-7.63394763392882,8.30747009171166,2.5230487569518,6.27568336762335,11.3460734795095,13.112546897642,7.89074279377487,11.8680812986734,8.3189071186008,5.55642423236554,8.72972072702581,8.80112581251833,9.38347186185335,7.07428002942301,8.9712325027325,13.8702461773683,11.7878170418134,6.32689048779867,10.2479355556119,10.2248861637544,8.97715233826453,7.16425211462724,13.2308389767977,4.66982038037594,4.0094359104519,3.77929312235637,4.29715203929563,3.80585899528851,3.76725173477515,4.24634362031922,5.79652337561634,6.37288135593231,8.34926704907581,10.8823529411764,11.9893899204244,8.91179336483371,9.47899691419801,10.0178784746102,6.66565671867899,4.90697344127256,4.94821634062141,3.32817337461298,3.9388264669163,3.72950573539129,6.62343677628535,5.13140747176369,6.69903414079852,5.64914318907925
India,IND,Real interest rate (%),FR.INR.RINR,..,..,..,..,..,..,..,..,..,..,..,..,..,..,..,..,..,..,10.7746313302481,-1.06114574577495,4.47650826090093,5.11823674143201,7.77470724439598,7.32098668508481,7.94709992039818,8.68167358478664,9.09322414508824,6.56018009415452,7.63863299594509,7.43584324824212,5.26952699827423,3.62471659575062,9.1327494058766,5.81477651213036,4.33710973757939,5.86417810908186,7.79299430029867,6.90957899531884,5.1212763287722,9.19124732238965,8.34261083140927,8.59144929637163,7.90717718897463,7.30788116038414,4.9101283033462,4.85514517186609,2.5706067017683,5.68184406453711,3.77175624965394,4.80859210766597,-1.98385922139866,1.31798086191937,2.47352048879347,3.86599286272159,6.69517609046494,7.55648841355898,6.23271141476385,5.32760886239731,5.36166638957659,6.89487542725514,4.13599957789666,0.316945144179775,1.70461092852253,..
India,IND,GDP per capita (current US$),NY.GDP.PCAP.CD,83.0351018240893,85.9697041851008,90.2768689288905,101.31516498136,115.487608356699,119.084976676524,89.2013484885067,96.0463298450023,99.5168361228774,107.182143141928,111.968318177372,118.160528911908,122.615038788811,143.460157121616,163.232761704578,157.931045846552,161.136118369411,186.419089544981,206.076787850271,224.580999112198,267.395219989594,271.426149209154,275.266085855139,292.644647182024,278.095415220662,297.999248705447,312.059843942513,342.071923724964,355.738409768732,347.462029998068,368.749759408129,303.850437957407,317.558738700794,301.50079120851,346.226610189499,373.628235651141,399.577312178982,414.898679748919,412.509354123275,440.962065164669,442.03533042158,449.910313665362,468.845513103988,543.845053399477,624.108803038152,710.511222493062,802.01374204361,1022.73246703925,993.503405259298,1096.63613606381,1350.63447029137,1449.60330101112,1434.01798692108,1438.05700503424,1559.86377864962,1590.17433134297,1714.27953738629,1957.96981331058,1974.37773145023,2050.16380022056,1915.55158799947,2250.1790176424,2366.30960899931,2484.8454294403
Italy,ITA,Consumer price index (2010 = 100),FP.CPI.TOTL,4.1478356168675,4.23289517040142,4.43146636159585,4.76181969210581,5.04335383070425,5.27127652200705,5.39497171356003,5.59638425993536,5.66786762342351,5.81847719079905,6.10755774939256,6.400211418762,6.76819182627925,7.49906297020349,8.93586615636377,10.4505403785668,12.1868105543459,14.274417147842,16.0007671336392,18.3686524290589,22.2378562869468,26.2338431191814,30.557289236041,35.0328860337616,38.8145095180515,42.3877699427438,44.8562416131162,46.9856951996717,49.3623479415055,52.4523476876402,55.838990721391,59.328927249434,62.455911747802,65.3455810784169,67.9932808957477,71.5530164769477,74.4201291680352,75.9406126299779,77.4253165947392,78.7132557275131,80.7107504637521,82.9586783816502,85.0038779193305,87.2756537574471,89.201597564227,90.9725106234272,92.8746038216872,94.5739686397295,97.740146777842,98.497406286648,100,102.780632728793,105.90656520528,107.198618335037,107.457017849343,107.498700856028,107.397634171255,108.714901774357,109.951520340534,110.623595648239,110.471258578492,112.541250526224,121.771084752039,128.617291886527
Italy,ITA,"Inflation, consumer prices (annual %)",FP.CPI.TOTL.ZG,2.3501614137705,2.05069731278698,4.69114360740471,7.45471822539103,5.91232253218587,4.51926830743458,2.34658893413318,3.73333832073822,1.27731335390797,2.65725273386972,4.96831987329335,4.79166438333786,5.74950393730007,10.7986174547602,19.1597695854699,16.9505025668306,16.6141664725788,17.13004878665,12.0940138425074,14.7985735661484,21.0641682770745,17.9692987519672,16.4804146202214,14.646576674877,10.7944960076811,9.20599144253118,5.82354691862017,4.74728490389789,5.05824747667119,6.25983137956977,6.456609061464,6.24999929790291,5.2705899859293,4.62673468331298,4.05184218065716,5.23542258044301,4.0069766898104,2.04310779750136,1.95508557719381,1.66345995007714,2.53768532095002,2.78516542713554,2.46532319171165,2.6725555277285,2.20673661423657,1.9852929852798,2.09084391012754,1.82974112202403,3.34783258401022,0.774768131387381,1.52551602118248,2.78063272879323,3.04136333226775,1.21999342274306,0.241047429826756,0.0387903996579733,-0.09401665691575,1.22653316645812,1.13748763600391,0.611246943765304,-0.13770757391651,1.87378325762481,8.20128991161718,5.62219442195901
Italy,ITA,Real interest rate (%),FR.INR.RINR,..,..,..,..,..,..,..,..,..,..,..,..,..,..,..,..,..,..,..,..,..,..,..,..,..,..,..,..,..,8.29134836509294,5.45217609952604,6.5857970618798,11.6470448122797,10.3400712831036,8.15255755961606,7.92064440362171,7.95225254420281,7.74330889097142,6.0940692269112,4.73663574381599,5.13824588590486,4.12890387539513,3.15873855355089,2.60067773160278,2.76222646529531,3.23826980965577,3.42416671160356,3.76243467546476,4.33259382637626,3.02700909877606,3.57968579295654,2.94466372553515,3.61919864683014,3.95121199746377,3.91764782821879,3.16786623371122,2.33532587673561,2.25808863862564,1.59483303043837,1.64891714021908,0.737515246016204,0.758006670454846,-1.29349992436979,-0.361661992063661
Italy,ITA,GDP per capita (current US$),NY.GDP.PCAP.CD,834.981383310866,920.965141222417,1027.78915268592,1168.69335573386,1268.87668318072,1353.89016711658,1455.59228651296,1591.81695798569,1714.54477761019,1882.11213103017,2106.86395924945,2305.60975059607,2671.1373144713,3205.25204038444,3621.14582247876,4106.99386771403,4033.09935444585,4603.59970127027,5610.49809928171,6990.28580671461,8456.91897443827,7622.83332844583,7556.52343693203,7832.5753867885,7739.71528361795,7990.68656551182,11315.0151767923,14234.7286380474,15744.6612635428,16386.6622120866,20825.7842228307,21956.5297707332,23243.4745277206,18738.7638969132,19337.6308996383,20664.5522701724,23081.6046757702,21829.3458226222,22318.1373007109,22005.0545405773,20137.5912217673,20500.9543995672,22376.2978989329,27526.3224609957,31317.2007943296,32055.0920757503,33529.7266014361,37870.7475070969,40944.9124194678,37226.7571935402,36035.6449950691,38649.6394836789,35051.5212697703,35560.0814062288,35565.7213771496,30242.3861352184,30960.7315088902,32406.7203150134,34622.1696664741,33673.7509627421,31922.9191626183,36441.0598048734,35068.8359738449,38373.1660497534
Japan,JPN,Consumer price index (2010 = 100),FP.CPI.TOTL,18.9725686020745,19.991103697072,21.3575836652316,22.7900166324067,23.6561260208547,25.2306756261743,26.5025116118097,27.5599215648415,29.0314650999065,30.5555650254969,32.6712854640853,34.760728139114,36.4443699640338,40.6750596779349,50.1207220187673,56.0005173150257,61.2500261845194,66.2491472954352,69.0379488823536,71.5936308319755,77.1625999451719,80.9529525664017,83.1719061510396,84.751939248272,86.6687007104884,88.4300490811738,88.9567267802513,89.0689695685793,89.6733538134223,91.7109921246073,94.5343299540883,97.608055542147,99.3262336096294,100.560904281237,101.260263193127,101.130752283518,101.268897253768,103.038879685094,103.720970475702,103.366973989437,102.667615077547,101.907817741173,100.966705131346,100.707683312128,100.699049251487,100.414125250347,100.664513008925,100.724951433409,102.115035196548,100.73358549405,100,99.7275443838987,99.6835999296889,100.017577781684,102.777289506064,103.594656354368,103.462822991738,103.963789769731,104.992089998242,105.484267885393,105.457901212867,105.211812269292,107.839690631042,111.364035858675
Japan,JPN,"Inflation, consumer prices (annual %)",FP.CPI.TOTL.ZG,3.5745115253591,5.36846178480055,6.8354403481973,6.7069055639799,3.80038945305753,6.65599094260621,5.04083205887676,3.98984808881518,5.33943295739344,5.24982091102027,6.92417383485781,6.39534883720926,4.84351713859905,11.6086235489221,23.2222458076842,11.7312661498708,9.37403638606234,8.16182689596842,4.20956601068681,3.70185092546269,7.77858176555718,4.91216291820523,2.7410409556314,1.89971971348485,2.26161369193155,2.0322773460849,0.595586799453249,0.126176841696583,0.678557580457558,2.27228962064317,3.0785162869516,3.25143848753308,1.7602830605927,1.24304589707924,0.695458057869004,-0.127899045020446,0.136600358575909,1.74780458692133,0.661974191385911,-0.341296928327554,-0.676578683595175,-0.740055504162738,-0.923494026942321,-0.256541816316025,-0.00857338820310272,-0.282946068764391,0.249355116079085,0.060039454498669,1.3800788616492,-1.35283672951719,-0.728243207517779,-0.27245561610124,-0.0440645104432602,0.335037912184741,2.75922671353253,0.795279630579839,-0.127258844489754,0.484199796126385,0.989094598021848,0.46877615938395,-0.024995834027731,-0.233352779398264,2.49770278172255,3.26813365933163
Japan,JPN,Real interest rate (%),FR.INR.RINR,..,..,..,..,..,..,..,..,..,..,..,..,..,..,..,..,..,..,..,..,..,..,..,..,..,..,..,..,..,..,..,..,..,4.31235795489786,3.93924917998947,4.05049499696827,3.11725468088751,1.93461315379085,2.34822342550229,3.4446343617507,3.44952133352934,3.08779538469946,3.30182293293883,3.4858288403494,2.92424060900672,2.90562805999877,2.54882304592612,2.6068783891303,2.84698138591967,2.30603261085953,3.54576191505387,3.17448968701361,2.18007652818581,1.66402193295927,-0.459381591769,-0.948441229804994,0.62219276043703,1.06914440729003,..,..,..,..,..,..
Japan,JPN,GDP per capita (current US$),NY.GDP.PCAP.CD,508.702779291773,608.864581144951,684.565509797705,775.592123080162,902.867721515126,993.732722209078,1143.60789652395,1326.36103912253,1553.27139379996,1802.98028061972,2100.74807036009,2321.39092521418,3031.43860570759,4061.0133895326,4448.31965623627,4775.89953559305,5310.43140904992,6472.7877874079,9012.13603523182,9301.14831026293,9668.74626395709,10583.1278908402,9779.97490636267,10652.0147161768,11207.4523524293,11809.4603450715,17451.8349394142,21141.7183951789,25499.8811728107,25265.9487590208,25801.3950393094,29428.4289039469,31992.7902119161,36345.2441262708,39933.5150564874,44197.6191013908,39150.0396308089,35638.2319556941,32423.7556133801,36610.1683163197,39169.3595701504,34406.1824638092,32820.7936433254,35387.0374203599,38298.9801712303,37812.8950199948,35991.546002862,35779.0245416427,39876.3039685725,41308.9968370512,44968.1562349739,48760.0789494211,49145.2804308193,40898.6478964744,38475.3952461838,34960.6393843385,39375.4731620781,38834.0529341227,39751.1330982711,40415.9567649547,40040.7655055923,40058.5373276179,34017.2718075024,33834.3921056453
"Korea, Rep.",KOR,Consumer price index (2010 = 100),FP.CPI.TOTL,1.47695383956344,1.59799984948942,1.70376044890745,2.05629655214998,2.66213973942374,3.02281161478554,3.36322206485076,3.72922269004855,4.13092789771456,4.64273188277156,5.38326351314845,6.11063405475497,6.82490525552065,7.04473743622596,8.75690447981229,10.96795774512,12.6490517833574,13.9261842095107,15.9399501385469,18.8607063191287,24.2732780046157,29.4560210020145,31.5741582985358,32.6541884392439,33.3967304471322,34.2179923818492,35.1589806574611,36.2312102980109,38.8203279972831,41.0331509196582,44.5510346637439,48.7088893863028,51.7353097816439,54.2191202463742,57.6164141433632,60.1980564839185,63.1625359874652,65.9662779119937,70.9227070292299,71.4992783210738,73.1145655647234,76.0878248519979,78.1895700028558,80.937835271961,83.8440401670281,86.1529303251801,88.0847721887325,90.3173457652498,94.538685077841,97.1446406656427,100,104.025965004361,106.301086763559,107.684433346969,109.057167004994,109.82747242569,110.894650313757,113.050810827499,114.719259179216,115.158634290169,115.777367840135,118.669872413341,124.709591769001,129.195964772806
"Korea, Rep.",KOR,"Inflation, consumer prices (annual %)",FP.CPI.TOTL.ZG,7.96556575482592,8.19565288254092,6.61831097492391,20.6916473186476,29.4628314500798,13.5481947104654,11.261384877581,10.8824400571964,10.7718213969351,12.3895647111187,15.9503423646945,13.5117023313079,11.6889866806845,3.22102904692326,24.3041995402397,25.2492564056733,15.3273205213194,10.0966653313387,14.4602850195024,18.3234963421791,28.6976086362017,21.351640254,7.1908466400687,3.42061419498921,2.27395640001863,2.45910879215274,2.74998096063357,3.04966077087423,7.14609773721605,5.70016544561401,8.57327225728677,9.33279048161495,6.21328146355184,4.80099660215354,6.26585950039679,4.48074108557248,4.92454354292754,4.4389318457463,7.51358008079307,0.81295725444637,2.25916580080157,4.06657587897792,2.76226210296599,3.51487451459939,3.59066298882578,2.75379162735039,2.24234028518921,2.53457382137932,4.67389655533408,2.7564965449393,2.93928652655686,4.0259650043609,2.18707104433314,1.30134754547413,1.27477446401322,0.70633177245575,0.971685739912168,1.94433230786366,1.47583935002645,0.383000303608136,0.537288023411737,2.49833333333339,5.08951365062842,3.5974562502901
"Korea, Rep.",KOR,Real interest rate (%),FR.INR.RINR,..,..,..,..,..,..,..,..,..,..,..,..,..,..,..,..,..,..,..,..,..,..,..,..,..,..,..,..,..,..,..,..,..,..,..,..,6.67974273645569,7.57031938586033,10.3404144822328,10.7579740962821,7.44714269653078,4.08764547324672,3.62604404098715,2.69373937175125,2.69208129866867,4.50501653231774,6.22458862113753,4.03485956347149,4.2226851837321,1.96945202608971,2.70025055583747,4.41899075105516,4.09279126823994,3.58824171458632,3.32627074144665,0.337001849362955,1.35455942282986,1.22662019971689,3.16426921092061,4.32142949289067,1.21885992613016,0.117975152059719,2.97897986524902,3.06189296952557
"Korea, Rep.",KOR,GDP per capita (current US$),NY.GDP.PCAP.CD,158.274135881229,93.8313831944754,106.159702780685,146.302492590131,123.606374492665,108.723112442051,133.479834432364,161.159443282246,198.434884397043,243.426137656633,279.308746302217,301.178736655376,324.192811178745,406.897093528455,563.352475775669,617.456061933567,834.134207951691,1055.8800411599,1405.82237444554,1783.62231287847,1715.42239973641,1883.45598002963,1992.51677784629,2198.93929063878,2413.27650109593,2482.39995573606,2834.89033966815,3554.60600894471,4748.64064406123,5817.06556721983,6609.99728316175,7636.9480638849,8126.66206183629,8884.91946408987,10385.3904572997,12564.7243743092,13402.994604707,12398.4904543462,8281.71948271445,10672.4475586765,12257.0206622345,11561.2071745115,13165.08362497,14672.8057539465,16496.1316167114,19402.5026259549,21743.4774514254,24086.4104391677,21350.427979823,19143.8516053025,23079.2601257735,25097.595426845,25459.1689000965,27179.5170146052,29252.9312377352,28737.4391706499,29280.4403170048,31600.7358741365,33447.1562836166,31902.4169048194,31721.2989141857,35125.5224984723,32394.6833725203,33121.3712885508
Mexico,MEX,Consumer price index (2010 = 100),FP.CPI.TOTL,0.0129045481900888,0.0131121513596533,0.0132693639798707,0.0133481913011842,0.0136602590890651,0.0141476624140679,0.0147440979217918,0.0151889197591989,0.0155434216938851,0.0160667692256833,0.0168706558939436,0.0177933169562223,0.01867296380785,0.0209290199907437,0.0259067813373226,0.0297784292486279,0.0344907830389098,0.0445152272349135,0.0522863806905451,0.0617979249826717,0.0780826987195229,0.0998941344101334,0.1587451852238,0.320466744940648,0.530208406745464,0.836395534931944,1.5576471478797,3.61105263368212,7.73351187768916,9.28082339983958,11.7543180636708,14.418123874751,16.6540715669279,18.278086769687,19.5513039992386,26.3941179264612,35.467988935687,42.7834846501138,49.5982070850547,57.8243757365431,63.3128119183035,67.3444059411696,70.732319377097,73.9484472925727,77.4154528387154,80.5028253377382,83.4246493200917,86.7339792329344,91.1790807033324,96.0091610619154,100,103.407378246057,107.658982747635,111.756904251934,116.247985177591,119.410675116721,122.780095507214,130.197802476747,136.57664871233,141.542522969974,146.350487735058,154.676672089174,166.890369321443,176.116003638578
Mexico,MEX,"Inflation, consumer prices (annual %)",FP.CPI.TOTL.ZG,4.92751886903116,1.6087596908193,1.19898417815082,0.594055008461965,2.33790317234362,3.56803865742936,4.21578837738435,3.01694847502148,2.33395093467026,3.36700336711678,5.00341205483431,5.46902899376838,4.94369236377875,12.0819394612938,23.7840154425787,14.9445346409267,15.824722489347,29.0641247103461,17.4572925678265,18.1912462987643,26.3516513562834,27.9337625982399,58.9134198531048,101.874938435992,65.4488071277602,57.7484484008702,86.2333169923538,131.82738392309,114.162258549066,20.0078767139978,26.6516725646771,22.662359455061,15.5078962533573,9.75146045357553,6.96581237191123,34.9992712889592,34.3783832235168,20.6256287259247,15.9283950119353,16.5856169707538,9.49156149435403,6.36773806235037,5.03072733151295,4.54690012118718,4.68840884843143,3.98805714597437,3.62946762439132,3.96684905458235,5.12498274575896,5.29735584228856,4.15672722680174,3.40737824605742,4.11150981070289,3.80639069747204,4.01861608078679,2.72064064964023,2.8217078474766,6.04145724018986,4.89935015356551,3.63596142127046,3.39683415570006,5.68920847683753,7.8962761916855,5.52796087314389
Mexico,MEX,Real interest rate (%),FR.INR.RINR,..,..,..,..,..,..,..,..,..,..,..,..,..,..,..,..,..,..,..,..,..,..,..,..,..,..,..,..,..,..,..,..,..,-17.2485709103505,10.0953391089383,14.8566758536659,7.6474396545621,3.74260655837951,9.19688961880311,7.30444482115276,5.62825958790198,5.93764642324821,2.56725076251463,2.63026613975842,-0.628122362579351,3.59826026000135,1.3238319710294,1.35029773940963,2.25320067552938,1.73076519097887,0.869831510540787,-0.718087414556668,0.13259561761418,2.52394547437684,-0.782518932664157,0.207059192646062,-1.24759733279354,0.717765161995541,2.69522693587484,3.99937559873551,1.45269799098275,0.697497472889784,1.63189542059693,6.79845919139278
Mexico,MEX,GDP per capita (current US$),NY.GDP.PCAP.CD,359.545059695095,378.212027746126,392.934591409938,424.189633975869,485.800050021921,511.020744985416,550.46988331057,581.729450555001,622.425063446123,666.74338594872,706.313187141616,755.332488401455,844.174438114132,1000.93787226791,1264.35836973632,1499.35556675453,1470.1767593974,1315.59144277125,1600.7824699249,2039.19907156631,3036.35611407954,3810.24797105143,2612.66652360209,2166.56948940694,2506.89374732113,2607.66446516842,1765.26278274659,1902.46153428333,2302.02195363862,2759.47591912687,3196.92006131977,3756.85259707081,4272.78872597018,6118.52586329108,6268.71832284995,4225.40044835213,4718.57408573156,5617.43024399101,5882.4214338638,6552.6610754969,7581.84564147003,8009.15833972447,8032.99212058539,7473.93237356934,7883.5231908285,8702.11448264527,9545.28672703153,10178.4422388105,10589.9518729134,8495.65308003777,9823.16407459477,10766.6099402311,10842.7330894856,11317.4910604809,11490.0216914226,10098.173182095,9152.73722379028,9693.33009082487,10130.3206976172,10434.5676193955,8895.61521605941,10363.1927221972,11476.6788057764,13926.1136190914
Netherlands,NLD,Consumer price index (2010 = 100),FP.CPI.TOTL,16.8430929999958,17.0633399146551,17.4781706351734,18.0451008579981,19.0960057139218,19.84228484082,20.9856251194191,21.710748178005,22.5185602372915,24.1898405015149,25.0773490314539,26.9525526126634,29.0556042836216,31.3865058640487,34.3969183036567,37.9114151054983,41.2592400847989,43.899540520622,45.7046948783972,47.6239720854905,50.7259382932843,54.1443220177059,57.3448451872947,58.9165758322946,60.8617895129518,62.2364044146415,62.2882764519093,61.8577333563831,62.3142129254733,62.988551229676,64.5343481306923,66.5724721810257,68.691861300918,70.4669857242942,72.4411356874448,73.8343381222306,75.2736404414641,76.8613464110566,78.3671649667446,80.0576851337949,81.9474646746795,85.3530712329515,88.1590799494118,90.0033664825716,91.1406916756894,92.6792651969392,93.7001282902818,95.2123158670512,97.5797719890453,98.7407535461799,100,102.341070177514,104.854103924227,107.482689910561,108.531758668693,109.183218539311,109.528965398018,111.042062834942,112.933662096136,115.907994941178,117.382878251613,120.523715504927,132.577542831667,137.666390675753
Netherlands,NLD,"Inflation, consumer prices (annual %)",FP.CPI.TOTL.ZG,2.32394366197218,1.30763936682731,2.4311226441781,3.24364737396401,5.8237682581744,3.90803782779622,5.76214023622459,3.45533218314714,3.72079328019141,7.42179005501285,3.66893088808655,7.47767867671161,7.80279219256605,8.02220995878936,9.59142267268508,10.2174757948241,8.83065158603156,6.39929487406097,4.11201196269291,4.19929990168348,6.51345545521797,6.73892655204782,5.91109658468384,2.74084033162258,3.30164075759304,2.2585844298862,0.0833467771085387,-0.691210481411519,0.737950688332319,1.08215810253299,2.45409184818341,3.15820041477122,3.18358181761551,2.58418448671799,2.80152463293178,1.92322003453525,1.94936713166008,2.10924562739483,1.95913632274251,2.15717918055059,2.36052233801948,4.15584127195613,3.28753104712771,2.09199838997655,1.2636473918318,1.68813017869623,1.10150106517702,1.61385859802103,2.48650198289454,1.1897768702155,1.27530569556683,2.34107017751373,2.45554765291604,2.50689852657885,0.976035079699679,0.600248147278776,0.316666666666743,1.38145871407206,1.7034979474447,2.63369910249601,1.27246037789161,2.67572008805385,10.0012078753473,3.83839354342808
Netherlands,NLD,Real interest rate (%),FR.INR.RINR,..,..,..,..,..,..,..,..,..,..,..,..,..,..,..,..,..,..,..,..,..,..,..,..,..,..,..,..,..,..,..,..,..,..,..,..,..,..,..,2.14740419582196,1.32594463542776,0.782402683248704,0.180968513378638,0.812095934062137,1.52756687694735,0.76684286790214,0.956074204991445,2.48055865807104,2.24604017105627,1.75875013282005,0.80204373873459,1.80285664366271,0.176340358593803,0.217232399151861,..,..,..,..,..,..,..,..,..,..
Netherlands,NLD,GDP per capita (current US$),NY.GDP.PCAP.CD,1154.68660875299,1252.57684765505,1340.39559282131,1434.7756812867,1665.87916334893,1845.38214046979,1983.35131828236,2151.41343201936,2360.88487179073,2642.95614193661,2927.07293946175,3378.61479729144,4104.45102978895,5345.57544377587,6440.97842006268,7335.5089973343,7925.6880622655,9166.80819524307,11179.3895620565,12798.5432457441,13791.8622639458,11520.4478716306,11072.6584545573,10680.3590423923,9977.1602168293,9926.1299705666,13783.8501091364,16709.5596773838,17744.5013844684,17397.6916825595,21290.8603827045,21732.2307621923,23904.037415058,23122.4107668645,24646.3143096269,29258.1343486211,29006.8094454171,26700.5371335926,27885.8083823465,28272.6432492539,26214.498549887,26896.5481111196,29343.2449960602,35750.9746630269,40436.6182310407,41994.7135305232,44900.9381441374,51799.2085521047,57879.9437553916,52722.2130568997,50999.7451168879,54230.3129029852,50070.1416045904,52198.8975607454,52900.537415323,45193.4032187971,46039.1059284098,48675.2223350213,53044.5324352253,52476.2732533327,52162.5701150406,58727.8705471475,57025.01245598,62536.7320298151
Russian Federation,RUS,Consumer price index (2010 = 100),FP.CPI.TOTL,..,..,..,..,..,..,..,..,..,..,..,..,..,..,..,..,..,..,..,..,..,..,..,..,..,..,..,..,..,..,..,..,0.053595784106737,0.52215463296409,2.12894263118429,6.33177914447035,9.35533109407782,10.7363023210616,13.7087206048547,25.4634679089422,30.7595536540075,37.3657852105703,43.2653684455772,49.1768425137193,54.5315199244747,61.4490089758499,67.3903013768284,73.4603471089943,83.8261661028973,93.5896759401721,100,108.440464859326,113.943539767608,121.638956306017,131.155272814079,151.529464141176,162.200847296653,168.175238863746,173.015822116403,180.750263654162,186.862621885623,199.372063343799,..,..
Russian Federation,RUS,"Inflation, consumer prices (annual %)",FP.CPI.TOTL.ZG,..,..,..,..,..,..,..,..,..,..,..,..,..,..,..,..,..,..,..,..,..,..,..,..,..,..,..,..,..,..,..,..,..,874.245720380188,307.722635553193,197.414268084251,47.7520122009939,14.761329268806,27.6856798076742,85.7464940960636,20.7987606558704,21.4770072117159,15.7887307914463,13.6632930228666,10.8886157326216,12.6853039507349,9.66865454789265,9.00729868861079,14.1107677840442,11.6473295764118,6.84939230255025,8.4404648593257,5.07474300799149,6.75371026220942,7.82341183865513,15.5344050528403,7.04244762954799,3.68332944412233,2.87829723647884,4.47036660760173,3.38165937237898,6.69445891957612,..,..
Russian Federation,RUS,Real interest rate (%),FR.INR.RINR,..,..,..,..,..,..,..,..,..,..,..,..,..,..,..,..,..,..,..,..,..,..,..,..,..,..,..,..,..,..,..,..,..,..,..,..,..,14.7604587981811,19.6160805566126,-18.9515529417948,-9.63311144269678,1.22657850722426,0.0329353853463892,-0.60017068040332,-7.32898586198476,-7.20668991062193,-4.07869184018714,-3.34492661176019,-4.90496208972303,13.079965285875,-2.95508373190848,-12.8569352915768,0.176416618842598,3.93707019254129,3.39714683575481,7.89459357479114,9.48435447263491,4.94560423099718,-1.02848259453331,5.31670923072754,5.8252621205664,-10.2423105030022,-4.50335865315288,4.24838463209547
Russian Federation,RUS,GDP per capita (current US$),NY.GDP.PCAP.CD,..,..,..,..,..,..,..,..,..,..,..,..,..,..,..,..,..,..,..,..,..,..,..,..,..,..,..,..,3778.01977539063,3429.64990234375,3494.06323242188,3490.45239257813,3098.802734375,2930.67016601563,2662.10400390625,2665.77978515625,2643.92919921875,2737.57202148438,1834.86181640625,1330.75720214844,1771.59411621094,2100.3525390625,2377.52954101563,2975.123046875,4102.36474609375,5323.455078125,6920.19970703125,9101.2392578125,11635.2841796875,8562.82421875,10674.990234375,14305.33203125,15401.8515625,15941.4482421875,14055.47265625,9277.7138671875,8663.158203125,10658.9130859375,11211.8876953125,11447.701171875,10108.3271484375,12521.5224609375,15445.2421875,13817.0458984375
Saudi Arabia,SAU,Consumer price index (2010 = 100),FP.CPI.TOTL,..,..,..,19.9437117835331,20.5021357132725,20.5819105606061,20.9010099489432,21.3397716083803,21.6788147087005,22.4366757564747,22.4765631800418,23.4823893822924,24.4994538661331,28.5452352385969,34.6644795642508,46.6501068799519,61.3722557629916,68.3680860526673,67.2854077769767,68.0131444779625,70.8487937627562,72.8318388807976,73.5754808000631,73.7163220726518,72.5670572883322,70.3473988323421,68.0939384709315,67.0404457519719,67.6488800495531,68.3474527615902,69.7671327892791,73.1585906332025,73.1022541241668,73.8740642979503,74.2909544648116,77.9077583448759,78.8598455973078,78.9049177084531,78.6119676295877,77.5634698969089,76.6908849105082,75.831222443531,76.0186669990397,76.4840490176567,76.8783294660169,77.2467537901589,78.9531531814068,82.2437810967334,90.3614461838086,94.9312261561225,100,105.826216088389,108.859479981614,112.70496800782,115.22537829232,116.615080724277,119.027660580771,118.029977181469,120.93132112752,118.399825471917,122.479242037952,126.231136275934,129.354187644052,132.364369779118
Saudi Arabia,SAU,"Inflation, consumer prices (annual %)",FP.CPI.TOTL.ZG,..,..,..,..,2.7999999989998,0.389105059342261,1.55038759593052,2.0992366421952,1.58878504672939,3.49586016559325,0.177777777777795,4.47499999975001,4.33117970783491,16.5137614681954,21.4370078736641,34.5761063381485,31.5586605641125,11.3990111699532,-1.58360185022085,1.08156690288337,4.16926655363289,2.79898218829486,1.02103960396038,0.191424196019035,-1.55903706534203,-3.0587687291366,-3.20333146472299,-1.54711673699019,0.907563025210514,1.03264490339738,2.07715133531159,4.86111111111136,-0.0770060064690777,1.05579531442694,0.564325478533144,4.8684310305603,1.22206988451309,0.05715470377076,-0.371269734983814,-1.33376350229422,-1.12499477854774,-1.12094477457175,0.24718651429923,0.612194395125212,0.515506766998081,0.479230397826084,2.20902407871182,4.16782330119979,9.87024791275994,5.05722314693633,5.33941680637454,5.82621608838862,2.86626887489915,3.53252470694918,2.23629031536978,1.20607322150109,2.06884036053473,-0.838194579675018,2.45814158007532,-2.09333333333329,3.44545825956692,3.06328988941547,2.4740737192537,2.32708518362692
Saudi Arabia,SAU,Real interest rate (%),FR.INR.RINR,..,..,..,..,..,..,..,..,..,..,..,..,..,..,..,..,..,..,..,..,..,..,..,..,..,..,..,..,..,..,..,..,..,..,..,..,..,..,..,..,..,..,..,..,..,..,..,..,..,..,..,..,..,..,..,..,..,..,..,..,..,..,..,..
Saudi Arabia,SAU,GDP per capita (current US$),NY.GDP.PCAP.CD,419.660935021431,446.072891926518,477.873474451603,477.619634415658,494.628657181381,531.833107157658,564.550890898656,605.279034637182,747.206073728801,767.476157091721,880.636281002892,1123.21260715977,1437.22388584071,2108.61133915461,6068.40667281871,5922.5005448126,7693.39922976414,8473.68713290472,8714.61472788869,11553.2350423212,16176.2044656324,17258.6363145184,13680.7612731976,10997.0556248962,9717.41268316807,8060.19175691772,6449.57886689171,6082.12134398219,5998.21831307424,6210.05989679165,7349.69793459316,7939.29624888124,7932.70493724678,7450.66247455832,7359.4497782439,7588.76644391739,8174.14706594039,8323.8312182189,7169.36832908537,7697.27195331417,8795.26166896934,8337.3264488897,8380.95692744295,9321.80724676438,10935.0111087595,13462.7593043046,14848.6019709886,15756.190842884,18944.859586127,15064.6301357458,17958.9444813361,22441.5741087607,24069.1994773483,23945.511989974,23862.7986941075,20442.3625620084,19930.4111440325,20910.4821334146,24175.5816431828,23405.7087429435,20398.0614331035,24315.6153272971,30447.8823171601,28894.963351808
Spain,ESP,Consumer price index (2010 = 100),FP.CPI.TOTL,2.8588172636632,2.88195232452844,3.04641027663252,3.31277918143836,3.54398621445885,4.01229343780496,4.2626752767703,4.53512975493322,4.75981668689015,4.86264525036417,5.14133049286065,5.56481608351142,6.02515367153582,6.71302784949169,7.76565568263989,9.08218949512879,10.6829144998085,13.3042948213001,15.9350422412622,18.4305073987535,21.2986449158928,24.3974583977492,27.9143525271117,31.312666107314,34.8448214426548,37.9162025718187,41.2509095815592,43.4157650034635,45.5159030679195,48.6070864218881,51.8743670462093,54.952702709123,58.2083927605955,60.8679759826759,63.7399789245035,66.7190602114961,69.0934885457812,70.455372303681,71.7477563338138,73.405379287671,75.925764461848,78.6513734705299,81.0625546960444,83.5259552625553,86.0645168646731,88.9638704417587,92.09146271357,94.6578652555523,98.5154982815584,98.2319577881941,100,103.196101888338,105.720410449569,107.209568161367,107.047558596627,106.511929320121,106.296138281102,108.375371885592,110.190639172868,110.961443623997,110.603312216661,114.024422110457,123.591728295232,127.957434718697
Spain,ESP,"Inflation, consumer prices (annual %)",FP.CPI.TOTL.ZG,1.17777108409632,0.809252873882167,5.70647719271309,8.74369768409153,6.97924673989605,13.2141378382198,6.24036708297987,6.39163108782116,4.95436611736463,2.16034713599867,5.73114484293532,8.23688714893602,8.27228754941943,11.4167076137084,15.680373398539,16.9532859334982,17.6248800527481,24.5380632929205,19.7736704973662,15.6602355971772,15.5619020957245,14.5493457170322,14.4150020548327,12.1740727351699,11.2802765604038,8.81445506678387,8.79493932290321,5.24801863489594,4.83727066490361,6.79143584025099,6.72181952228657,5.93421344335924,5.9245312622849,4.56907173681813,4.71841373967329,4.67380337624704,3.55884559338558,1.97107395582926,1.8343299990841,2.31034813987067,3.43351563418767,3.58983413338112,3.06565685902219,3.03888839396655,3.03924881090925,3.36881409750383,3.51557576832128,2.78679745804946,4.07534335957339,-0.28781308353524,1.79986457728769,3.1961018883379,2.44612782366809,1.40858109183019,-0.151114837527235,-0.500365709903242,-0.202598000426452,1.95607633363963,1.6749813686379,0.699518994458739,-0.322753017299739,3.0931351197642,8.39057634118627,3.53236133492433
Spain,ESP,Real interest rate (%),FR.INR.RINR,..,..,..,..,..,..,..,..,..,..,..,..,..,..,..,..,..,..,..,..,..,..,..,..,..,..,..,..,..,..,..,..,..,..,..,..,..,..,..,..,..,..,..,..,..,..,..,..,..,..,..,..,..,..,..,..,..,..,..,..,..,..,..,..
Spain,ESP,GDP per capita (current US$),NY.GDP.PCAP.CD,408.254628967851,463.521517058484,535.773742713535,627.726812881603,695.448820026368,797.947010044606,916.283701049781,997.284186530831,978.991631081509,1109.92915247071,1212.28932639401,1362.16552414021,1708.80862877366,2247.55337693219,2749.92466346596,3209.83744506281,3279.31267061507,3627.59066324096,4356.43922031196,5770.21461386463,6208.5780190814,5371.16643640984,5159.70864500142,4478.50028561471,4489.98893854814,4699.65576367274,6513.50328578924,8239.6138016479,9703.1238381095,10681.9712029257,13804.8767869937,14811.9028194881,16112.1889152156,13339.908563675,13415.2870010456,15471.962716535,16109.0843985284,14730.7971752046,15394.3514628249,15720.6405016061,14749.6874248766,15369.0011599444,17106.686576658,21510.8362454011,24907.0008505856,26429.1509449319,28389.0785799873,32591.3503065871,35510.7222312701,32169.5028548583,30532.4805081656,31677.9003083652,28322.9465923276,29077.1820557563,29513.6511800405,25754.36102944,26537.1594894542,28185.3213671969,30379.7211126422,29581.5185513299,26984.2962770279,30488.8209528797,29674.5442864413,32676.9837109377
Switzerland,CHE,Consumer price index (2010 = 100),FP.CPI.TOTL,24.041191164266,24.4848467950127,25.541611038763,26.4202968315877,27.2341891009765,28.1640946620174,29.5092060763712,30.6911076814071,31.426412074016,32.2086267807763,33.3732864692163,35.5669863836013,37.9357501812349,41.2569000469079,45.2866324097188,48.3192948732668,49.1482009361889,49.7851612088449,50.2973474100632,52.1320136262395,54.2290243166378,57.7486559095695,61.0144012032029,62.8142006147225,64.655571701771,66.8767487936809,67.3785316201579,68.3489993537869,69.6288129032681,71.8257898068905,75.7072261056968,80.1433641788009,83.3787760002361,86.1241237580079,86.8580020534487,88.4212964937199,89.1389538564488,89.6026773559716,89.6187506765555,90.3414760556727,91.7494743368115,92.656895290517,93.252411818155,93.8476167201897,94.6011274286295,95.7098093179335,96.723863632636,97.4322214313128,99.7959672366681,99.316465640817,100,100.231349207651,99.5371949759392,99.3208776033038,99.3077647259499,98.1717745930005,97.7451017375587,98.2668532046593,99.1869606006829,99.5468963730059,98.8243104053428,99.3992842451935,102.21728177187,104.400030506506
Switzerland,CHE,"Inflation, consumer prices (annual %)",FP.CPI.TOTL.ZG,1.43879470321092,1.84539787448658,4.31599287754389,3.44021288042955,3.08055687101806,3.4144786084618,4.77597959563696,4.00519621563871,2.39582226957016,2.48903598959377,3.61598678629518,6.57322111925795,6.66000704160239,8.75467033024639,9.76741431913024,6.6965952250783,1.71547632285655,1.29599916278321,1.02879289487425,3.64764010558785,4.02250084839003,6.49030964005719,5.65510182392343,2.94979443545723,2.93145669136625,3.43539935298269,0.750309839410783,1.44032188041722,1.87246859731873,3.15526979710908,5.4039590921894,5.8595966346867,4.03703020778739,3.29262180313611,0.8521169951207,1.79982776867144,0.811634064628211,0.520225422736652,0.0179384378439098,0.806444380959449,1.5585291967901,0.989020329832546,0.642711506543278,0.638272930887201,0.802908730955227,1.17195420333703,1.05950928324802,0.732350603122248,2.42604117060158,-0.480481936423275,0.688238707220026,0.2313492076509,-0.692552018105253,-0.217323155115693,-0.0132025387514939,-1.14390867228183,-0.434618664285835,0.533787839825897,0.936335464113563,0.362886179940614,-0.725874933313384,0.581814168489856,2.83502798644463,2.13540088016377
Switzerland,CHE,Real interest rate (%),FR.INR.RINR,..,..,..,..,..,..,..,..,..,..,..,..,..,..,..,..,..,..,..,..,..,..,..,..,..,..,..,..,..,..,..,..,..,..,..,..,..,..,..,..,..,..,..,..,..,..,..,..,1.86552324585828,2.28284433688329,2.41305026833025,2.73934652630259,2.62294172480656,2.77842216227006,3.36510208636232,3.99644754248307,3.24890887051055,3.00636739533907,1.84900465333685,2.73966471699439,3.35750961859024,1.37651137331578,0.145920367675993,1.82218673744216
Switzerland,CHE,GDP per capita (current US$),NY.GDP.PCAP.CD,1954.3113206427,2155.44996908648,2330.47736501501,2508.47430732203,2734.93009044177,2865.2448479366,3044.84560389449,3237.27315217356,3413.49358157003,3657.20794240553,4044.42068227245,4834.74049399485,5884.77524107186,7855.91887040854,9004.788599,10328.1089388433,10864.971231108,11643.6467397732,16282.1932458492,18265.5588649103,19393.8805480097,17665.0138979789,17999.969257078,17859.2323695837,16991.2458841517,17152.0948495991,24459.8536348433,30440.5108240499,32690.4302734561,31308.6508343136,39574.5398083788,39544.4946826768,40713.6881521435,39237.1186558781,43091.7770970073,50113.8321221345,48092.6433036512,41584.441782159,42680.5867322391,41695.6912912021,38865.021939688,39638.7911061864,42458.7384679187,49335.7456291067,54659.4571488233,56242.8933645639,59011.0324592016,64989.1553256031,74175.1927898555,71568.3123885672,76531.3729407691,90476.7589651577,85836.2076767359,87304.3305813557,88724.9909402638,83806.4476003837,82153.0745447889,82254.3769269767,85217.3691512274,84121.9310304414,85897.7843338323,93446.4344518943,93259.9057183024,99994.9380204786
Turkiye,TUR,Consumer price index (2010 = 100),FP.CPI.TOTL,5.39523850896861E-05,5.56642171150972E-05,5.7828620142003E-05,6.15080857623318E-05,6.21967535500748E-05,6.50301476083707E-05,7.05394992526158E-05,8.03973187593423E-05,8.52583333333333E-05,8.94566190209268E-05,9.65451186472347E-05,0.000114899705717489,0.000132613167974589,0.000151097010463378,0.000187206418161435,0.000226945389573991,0.000266560271860987,0.000335826859118087,0.000543693759342302,0.000889173673393125,0.00172731642376682,0.00237704274103139,0.00306965391442451,0.00403322659753363,0.00598499864536622,0.00867595758594918,0.0116787130979073,0.0162165755792227,0.0273751434043348,0.0446960953849029,0.0716495702541106,0.11892293068012,0.202259487107623,0.335940554932736,0.689400364349776,1.30374789798206,2.35211962817638,4.36716549887892,8.06359304932736,13.2942432735426,20.5948262331839,31.7984505792227,46.0963443572496,56.05427877429,60.8739723467863,65.8529521674141,72.173019431988,78.4926195814649,86.6904895366218,92.1094917787743,100,106.471879671151,115.938901345291,124.626307922272,135.661434977578,146.067825112108,157.424794469357,174.96870328849,203.545403587444,234.437126307922,263.223561285501,314.806147234679,542.438807922272,834.593142750374
Turkiye,TUR,"Inflation, consumer prices (annual %)",FP.CPI.TOTL.ZG,5.66473988439306,3.17285699708263,3.88832025146507,6.36270692832308,1.11963781543123,4.55553368394821,8.47199621539219,13.9748929481675,6.04623966197402,4.92419394498303,7.92395208301997,19.0114086837676,15.4164557223962,13.9381652448957,23.8981615766704,21.2273552385836,17.4556893891338,25.9853378650601,61.8970444383435,63.5431082506343,94.2608598807591,37.6147825797716,29.1375145022677,31.3902710198445,48.3923231346863,44.9617301528779,34.6100759738745,38.8558434758408,68.8096433837049,63.2725524930958,60.3038691346446,65.9785679918951,70.0761038690372,66.0938429820006,105.214986469202,89.11331722485,80.4121511388042,85.669361649978,84.6413434846315,64.8674876350757,54.9153705812683,54.4001887619075,44.9641209479849,21.6024384490572,8.59826168115272,8.17916036802002,9.59724212288432,8.75618090972639,10.4441283764885,6.25097663090626,8.56644420552976,6.471879671151,8.89156996512163,7.49309030547693,8.85457271364324,7.67085364845877,7.7751341532833,11.1443110840765,16.3324638988928,15.1768215720022,12.2789574462574,19.5964926913324,72.3088359891207,53.8594087593315
Turkiye,TUR,Real interest rate (%),FR.INR.RINR,..,..,..,..,..,..,..,..,..,..,..,..,..,..,..,..,..,..,..,..,..,..,..,..,..,..,..,..,..,..,..,..,..,..,..,..,..,..,..,..,..,..,..,..,..,..,..,..,..,..,..,..,..,..,..,..,..,..,..,..,..,..,..,..
Turkiye,TUR,GDP per capita (current US$),NY.GDP.PCAP.CD,275.04169850244,282.742464109147,307.306285780158,347.177090597348,365.133869164746,381.413343185909,438.258608945418,473.693827120122,516.466806309454,560.643749585397,502.620674427931,444.628321938518,555.286128992833,683.702499374412,911.249851770269,1160.54173929955,1270.33909807208,1417.96310618668,1558.50229236091,2075.04900337908,1561.01468621454,1582.41907469046,1400.85609926179,1314.23036209016,1245.92878830587,1367.19549564049,1506.71412689474,1701.26484074194,1738.37644483375,2009.69366964856,2773.26975898937,2730.14338061428,2825.91503735204,3148.83643990722,2240.60879008605,2855.04055385514,3009.67016435321,3098.66801348091,4433.35828474486,4057.82127369394,4278.26311284951,3100.45899923828,3640.76283635427,4704.77266342301,6031.79136735234,7369.43188923286,8003.81449265461,9711.22376120832,10843.5036940489,9012.99945793034,10622.7020439723,11300.7852215681,11713.2849831139,12578.1878632,12165.220135038,11049.9951100942,10970.0458948862,10695.550196231,9568.83618958168,9215.44087472889,8638.73913259299,9743.21313092428,10674.5041731531,12985.7531497962
United Kingdom,GBR,Consumer price index (2010 = 100),FP.CPI.TOTL,6.27328379877936,6.48955502126873,6.76188912520806,6.89838080266322,7.12475716663584,7.46487701128167,7.75672517107453,7.94925605696319,8.32266663584243,8.77597429258369,9.33470270020344,10.2163501941927,10.9387583687812,11.9446902163862,13.8610976511929,17.2164934344368,20.0674625485482,23.2462021453671,25.1670686147587,28.5448113556501,33.673150545589,37.6723848714629,40.911781949325,42.7975300536342,44.9205918254115,47.6478980950619,49.2810819308304,51.325715738857,53.4584797484742,56.5378213427039,61.0967264656926,65.6556315886813,68.6702422785278,70.4272239689291,71.9900129461809,73.9319400776771,76.0403181061587,77.7140743480673,79.1289069724431,80.5159977806547,81.4684668022933,82.7168485296837,83.9744775291289,85.1303865359719,86.3140373589791,88.1172554096541,90.2811170704642,92.4357314592195,95.6907712224893,97.5679674496024,100,103.856112446828,106.528574070649,108.969853893102,110.551137414463,110.958017384871,112.076937303495,114.943591640466,117.579064176068,119.622711300166,120.806362123174,123.848714629184,133.660070279268,142.740891437026
United Kingdom,GBR,"Inflation, consumer prices (annual %)",FP.CPI.TOTL.ZG,1.00357570390172,3.4474962304662,4.19649888238551,2.01854355976229,3.28158694697213,4.77377455386914,3.90961779211889,2.48211560474804,4.69742798827245,5.44666363048887,6.36656841727441,9.44483742337133,7.07109839479797,9.19603316657812,16.0440111889861,24.2072876743291,16.5595225588084,15.8402667458768,8.26314103860768,13.4212799774012,17.9659242656857,11.8766265142296,8.59886383332186,4.60930327269779,4.96071097821927,6.07139434015119,3.42760940369314,4.14892232052945,4.15535171583102,5.76024909185262,8.06346090938833,7.46178295746934,4.59154929577461,2.55857796929705,2.21901260504205,2.69749518304432,2.85178236397749,2.20114313510882,1.82056163731557,1.7529508005142,1.18295624210408,1.53234960272418,1.52040245947455,1.37650038542013,1.39039756680422,2.0891364902507,2.4556616643929,2.38656150773327,3.52140856342539,1.96173173560109,2.49265472467065,3.8561124468282,2.5732347965453,2.29166666666659,1.45112016293279,0.36804684232536,1.0084173681141,2.55775577557747,2.29283990345938,1.73810460086513,0.989486703772491,2.51837109614213,7.92204883147902,6.79396706793963
United Kingdom,GBR,Real interest rate (%),FR.INR.RINR,..,..,..,..,..,..,..,2.64696680007498,2.11072153993054,0.568714231556396,-1.82936150952789,-0.449712101710171,0.290841701401936,-0.382676813004099,-5.26616889287531,-12.1674069852105,-3.48579009363747,-4.22003921619565,-2.12134308563352,-0.325891348381704,-2.83291883097184,1.51093325691578,4.2005616173381,4.47329856180165,4.42735446538422,6.38913554743711,6.29317098989334,4.07333888249851,3.73354991813483,5.47171817239626,6.37884867610088,4.95766034722133,6.04185527473246,3.19331441351036,4.01323042161781,-4.30116693107029,1.74889997536321,6.72038358318544,5.88489244059294,3.91747726808178,4.7654919175068,3.56338501922107,1.83824075881401,1.27256587456193,1.7147911062797,1.66448865616839,1.80122747507828,3.18446244759444,1.23016238661897,-1.22311479814417,-1.06684525744828,-1.65299755101744,-1.0230607320537,-1.58353943217226,-0.807141873842772,..,..,..,..,..,..,..,..,..
United Kingdom,GBR,GDP per capita (current US$),NY.GDP.PCAP.CD,1397.5948032844,1472.38571407868,1525.77585271032,1613.45688373392,1748.2881176141,1873.56777435421,1986.74715869685,2058.78188198056,1951.75859587532,2100.66786858672,2347.54431773747,2649.80151387223,3030.43251411977,3426.27622050378,3665.8627976419,4299.74561799284,4138.16778761535,4681.43993173038,5976.93816899991,7804.76208051155,10032.062080015,9599.30622221965,9146.07735701852,8691.51881306514,8179.19444064991,8652.21654247593,10611.112210096,13118.586534629,15987.1680775688,16239.2821960944,19095.4669984608,19900.7266505069,20487.1707852878,18389.0195675099,19709.2380983653,23168.9529580171,24406.400298359,26766.0056249684,28274.5045119699,28762.0913570256,28280.926786099,27906.5695029641,30077.741432188,34442.6875402308,40366.8886650968,42104.7884375024,44512.4590296865,50397.6854954706,47396.1202078484,38744.131693043,39598.957119545,42109.6418795749,42497.3404974322,43426.2981405143,47439.6165895125,44964.3911437292,40985.2351382417,40572.1214823783,43203.8141057739,42662.5353740311,40217.0090116986,46869.759058411,45564.1569448013,48866.6039600298
United States,USA,Consumer price index (2010 = 100),FP.CPI.TOTL,13.5630607803977,13.7082837473334,13.8726149993924,14.0445895655005,14.2242074456579,14.4496852101109,14.8853541109182,15.2980930695779,15.9515964207889,16.8229342224036,17.8051000777325,18.5694314826577,19.1770749495732,20.3617886272073,22.612744614712,24.6802610650347,26.0980958211709,27.7949115401048,29.9159311887723,33.2828110274678,37.7923663165264,41.6980997956942,44.254788345169,45.6764447583299,47.6407764689877,49.3299488738723,50.2662548449057,52.1082935307754,54.2331348364675,56.8509698983363,59.919760489111,62.4573407534626,64.3490609806525,66.2484245218916,67.9758134970225,69.8828203523109,71.9312285175105,73.6127576083459,74.755433058709,76.391102265249,78.9707207568715,81.2025684592531,82.490466876552,84.3630788186188,86.6216781201727,89.5605323721102,92.4497050827274,95.0869923788515,98.7374773853445,98.3864199710624,100,103.156841568622,105.291504532867,106.833848874866,108.566932118964,108.695721960694,110.06700893427,112.411557302308,115.157303224791,117.244195476228,118.690501577198,124.266413825838,134.21120616846,139.73579356326
United States,USA,"Inflation, consumer prices (annual %)",FP.CPI.TOTL.ZG,1.45797598627791,1.07072414764724,1.19877334820186,1.23966942148753,1.27891156462591,1.58516926383662,3.0150753768844,2.77278562259309,4.27179615288537,5.46238620028745,5.83825533848251,4.29276668813051,3.27227824655283,6.17776006377038,11.0548048048048,9.14314686496535,5.74481263549085,6.5016839947284,7.63096383885606,11.2544711292795,13.5492019749684,10.3347153402771,6.13142700027493,3.21243523316065,4.30053547523429,3.54564415209365,1.89804772234276,3.6645632175169,4.07774110744413,4.82700303008944,5.39795643990325,4.23496396453849,3.02881967814969,2.95165696638559,2.60744159215453,2.80541968853662,2.93120419993441,2.33768993730735,1.55227909874364,2.18802719697358,3.37685727149929,2.82617111885407,1.58603162650601,2.27009497336115,2.67723669309172,3.3927468454955,3.22594410070404,2.85267248150138,3.839100296651,-0.355546266299747,1.6400434423899,3.156841568622,2.06933726526067,1.46483265562717,1.62222297740817,0.118627135552451,1.26158320570536,2.13011000365961,2.44258329692817,1.81221007526021,1.23358439630629,4.69785886363742,8.00279982052121,4.11633838374488
United States,USA,Real interest rate (%),FR.INR.RINR,..,3.10788487484417,3.21534597587207,3.37488224240508,2.95166899970868,2.56591312626052,2.64942062883451,2.40622703183627,1.86391124668396,2.85177336421904,2.51491820767612,0.621992027561223,0.883965218124449,2.40969384743814,1.65106596660399,-1.28158054050595,1.2667903810319,0.575101010973585,1.88980821189757,4.03438928866804,5.71636286358695,8.59460069233457,8.17720821228698,6.61803546894282,8.14090660192676,6.56324383365547,6.19386958708484,5.58752028345538,5.59030223706963,6.6902646662395,6.03974985349163,4.91529596120366,3.88429489766143,3.54563216381481,4.89854133804845,6.59421797111052,6.32428598750851,6.60334742359249,7.14994526467848,6.48726735143027,6.8137924585142,4.56713894364996,3.0732472423635,2.10659449044537,1.60768046080895,2.96087521313044,4.72786366990758,5.19986376311978,3.10104221978606,2.61707765460079,2.01028262116756,1.16289865228358,1.36246374976571,1.52221338861923,1.48256139059228,2.31051464059837,2.53723229857104,2.26529638013973,2.55474987510739,3.54449745673519,2.19456642346184,-1.27623331138459,..,..
United States,USA,GDP per capita (current US$),NY.GDP.PCAP.CD,2999.86487154495,3059.16082086127,3236.01311150062,3366.36978960346,3565.31443016356,3818.28825117968,4136.30829579106,4325.95935063186,4684.58840293763,5019.99818634473,5234.2966662115,5609.38259952519,6094.01798986165,6726.35895596695,7225.69135952566,7801.45666356443,8592.25353727612,9452.57651914511,10564.9482220275,11674.1818666548,12574.7915062163,13976.10539252,14433.787727053,15543.8937174925,17121.2254849995,18236.8277265009,19071.2271949295,20038.9410992658,21417.0119305191,22857.1544330056,23888.6000088133,24342.2589048189,25418.9907763319,26387.2937338171,27694.853416234,28690.8757013347,29967.7127181749,31459.1299691554,32853.6725949234,34515.3813073394,36329.9702595751,37133.6203973517,37997.7424300242,39490.3023903176,41724.6411982614,44123.3996470026,46301.9876485519,48050.227412195,48570.0594269601,47194.9500893872,48650.6643227232,50065.9789470675,51784.4114692048,53409.7507774372,55304.3155317137,57040.2082136605,58206.6141931844,60322.2614241747,63201.0458483771,65548.0707847572,64317.398912504,71055.8761938303,77246.6738828672,81695.1870713305
North America,NAC,Consumer price index (2010 = 100),FP.CPI.TOTL,..,..,..,..,..,..,..,..,..,..,..,..,..,..,..,..,..,..,..,..,..,..,..,..,..,..,..,..,..,..,..,..,..,..,..,..,..,..,..,..,..,..,..,..,..,..,..,..,..,..,..,..,..,..,..,..,..,..,..,..,..,..,..,..
North America,NAC,"Inflation, consumer prices (annual %)",FP.CPI.TOTL.ZG,1.40833581922591,1.04474545183968,1.13017223673361,1.4339103409959,1.59552813373414,1.95891323232398,3.41536722263447,3.1763689449481,4.16354784602792,5.01197255098518,4.59214757606042,3.49884236045868,4.13015348879917,6.83270367308624,11.0259879752454,9.90766773002968,6.64327563265616,7.23906469543705,8.3023435951841,10.1995740541757,11.8392112417568,11.4031638775571,8.45019944999441,4.53801163146717,4.30265688957583,3.75383734637285,3.04641700659948,4.01033596486715,4.05298762808012,4.90531246497451,5.08921668663315,4.93041402523427,2.25947629094757,2.40836816573249,1.38650225303091,2.47709000955756,2.2508676625029,1.97945315907633,1.27411077770083,1.96143507401638,3.04814861420952,2.67564562932657,1.92221301795728,2.51432909348113,2.26724770583214,2.80314943994659,2.61398474802282,2.49552823708488,3.10468548554699,-0.028039731645224,1.70845749165809,3.03448832867276,1.79250774825292,1.20156227672124,1.76442944229339,0.621934248247611,1.34517137635811,1.86349706609469,2.3554044847046,1.88073954968807,0.975292014307058,4.04652602445635,7.40280048696867,3.99766999081457
North America,NAC,Real interest rate (%),FR.INR.RINR,..,..,..,..,..,..,..,..,..,..,..,..,..,..,..,..,..,..,..,..,..,..,..,..,..,..,..,..,..,..,..,..,..,..,..,..,..,..,..,..,..,..,..,..,..,..,..,..,..,..,..,..,..,..,..,..,..,..,..,..,..,..,..,..
North America,NAC,GDP per capita (current US$),NY.GDP.PCAP.CD,2933.35449991156,2985.37308351352,3148.50966494527,3276.2695510415,3473.18838837657,3722.20958355012,4035.92441302098,4223.23640310447,4570.70032011377,4902.63222278707,5130.39980228992,5506.27217692454,5999.12680236964,6642.69328197267,7209.10009074679,7775.53369753102,8615.9107206683,9403.38782910036,10427.5163891898,11518.7411730326,12441.4411454969,13820.1360633662,14247.2890745479,15341.7170059818,16808.8367308835,17838.4911957743,18625.5550120448,19679.2211204503,21180.218599361,22652.5215878915,23653.3513218878,24094.0417993759,24974.7240852762,25772.0640446898,26931.6393144953,27897.9138475176,29112.2143828557,30518.0314990319,31691.9138489169,33320.9142526674,35151.3423951503,35831.3822545067,36651.9146706158,38395.4332650274,40788.3342265894,43368.3808064534,45741.0180331153,47727.505168113,48398.0892484061,46581.128985109,48552.818269355,50289.051161711,51881.2875507901,53341.1996899454,54877.3545553215,55701.8124434679,56617.8738074516,58796.4689001287,61512.706498042,63584.0377419401,62186.9899064628,69147.0491707873,74980.8332051402,78675.4809268757
,,,,,,,,,,,,,,,,,,,,,,,,,,,,,,,,,,,,,,,,,,,,,,,,,,,,,,,,,,,,,,,,,,,
,,,,,,,,,,,,,,,,,,,,,,,,,,,,,,,,,,,,,,,,,,,,,,,,,,,,,,,,,,,,,,,,,,,
,,,,,,,,,,,,,,,,,,,,,,,,,,,,,,,,,,,,,,,,,,,,,,,,,,,,,,,,,,,,,,,,,,,
Data from database: World Development Indicators,,,,,,,,,,,,,,,,,,,,,,,,,,,,,,,,,,,,,,,,,,,,,,,,,,,,,,,,,,,,,,,,,,,
Last Updated: 11/13/2024,,,,,,,,,,,,,,,,,,,,,,,,,,,,,,,,,,,,,,,,,,,,,,,,,,,,,,,,,,,,,,,,,,,
